{"cameraMode":{"drawMode":0,"name":"Shaded","section":"Shading Mode"},"sceneLighting":true,"audioPlay":false,"sceneViewState":{"showFog":true,"showMaterialUpdate":false,"showSkybox":true,"showFlares":true,"showImageEffects":true,"showParticleSystems":true,"showVisualEffectGraphs":true,"m_FxEnabled":true},"in2DMode":false,"pivot":{"x":1.8312554359436036,"y":0.5041201114654541,"z":-3.2427549362182619},"rotation":{"x":-0.06653726100921631,"y":0.2767468988895416,"z":-0.01921052113175392,"w":-0.9584588408470154},"size":12.361186027526856,"orthographic":false}